Nombre,Genero
Alejandro,Masculino
Camila,Femenino
Sebastian,Masculino
Valentina,Femenino
Mateo,Masculino
Isabella,Femenino
Diego,Masculino
Sofia,Femenino
Lucas,Masculino
Maria,Femenino
Gabriel,Masculino
Ximena,Femenino
David,Masculino
Victoria,Femenino
Andres,Masculino
Lucia,Femenino
Javier,Masculino
Natalia,Femenino
Martin,Masculino
Ana,Femenino
Nicolas,Masculino
Laura,Femenino
Fernando,Masculino
Marta,Femenino
Diego,Masculino
Gabriela,Femenino
Pablo,Masculino
Sara,Femenino
Ricardo,Masculino
Carla,Femenino
Hugo,Masculino
Alicia,Femenino
Cristian,Masculino
Ver0Nica,Femenino
Roberto,Masculino
Juana,Femenino
Alberto,Masculino
Silvia,Femenino
Samuel,Masculino
Patricia,Femenino
Alvaro,Masculino
Claudia,Femenino
Felipe,Masculino
Lorena,Femenino
Eduardo,Masculino
Rocio,Femenino
Raul,Masculino
Carmen,Femenino
Jose,Masculino
Beatriz,Femenino
Arturo,Masculino
Monica,Femenino
Adrian,Masculino
Estela,Femenino
Marco,Masculino
Cecilia,Femenino
Santiago,Masculino
Angelica,Femenino
Manuel,Masculino
Marina,Femenino
Vicente,Masculino
Julieta,Femenino
Alejo,Masculino
Valeria,Femenino
Sergio,Masculino
Teresa,Femenino
Leonardo,Masculino
Patricia,Femenino
Rafael,Masculino
Gloria,Femenino
Gonzalo,Masculino
Luciana,Femenino
Esteban,Masculino
Silvia,Femenino
Octavio,Masculino
Estefania,Femenino
Nestor,Masculino
Nadia,Femenino
Ezequiel,Masculino
Jimena,Femenino
Felix,Masculino
Cinthia,Femenino
Adolfo,Masculino
Ariana,Femenino
Salvador,Masculino
M0Nica,Femenino
Julian,Masculino
Mireya,Femenino
Crist0Bal,Masculino
Angelina,Femenino
Rodolfo,Masculino
Ruth,Femenino
Fernando,Masculino
Graciela,Femenino
Diego,Masculino
Vanessa,Femenino
Mauricio,Masculino
Estefania,Femenino
Felipe,Masculino
Lourdes,Femenino
Enrique,Masculino
Liliana,Femenino
Leonardo,Masculino
Emilia,Femenino
Gustavo,Masculino
Rosa,Femenino
Ivan,Masculino
Elsa,Femenino
Gerardo,Masculino
Carolina,Femenino
Alejandro,Masculino
Lucia,Femenino
Antonio,Masculino
Karla,Femenino
